Student ID,Well versed with the subject,Explains concepts in an understandable way,Use of presentations,Degree of difficulty of assignments,Solves doubts willingly,Structuring of the course,Provides support for students going above and beyond,Course recommendation based on relevance,Average_Feedback,Normalized_Feedback,Sentiment
340,5,2,7,6,9,2,1,8,42.22222222222222,1.7924528301886795,Negative
253,6,5,8,6,2,1,2,9,32.44444444444444,1.3773584905660377,Negative
680,7,7,6,5,4,2,3,1,79.44444444444444,3.3726415094339623,Neutral
806,9,6,7,1,5,9,4,6,94.77777777777777,4.023584905660377,Positive
632,8,10,8,4,6,6,9,9,76.88888888888889,3.2641509433962264,Neutral
832,7,2,7,8,3,5,1,4,96.55555555555556,4.099056603773585,Positive
772,9,3,5,2,10,3,8,1,90.33333333333333,3.8349056603773586,Neutral
961,9,8,7,4,4,3,3,10,112.11111111111111,4.7594339622641515,Positive
814,6,5,8,6,4,4,7,9,95.88888888888889,4.070754716981132,Positive
863,5,9,4,7,9,4,4,5,101.11111111111111,4.2924528301886795,Positive
576,10,3,8,6,6,3,6,9,69.66666666666667,2.957547169811321,Neutral
702,8,4,7,1,2,1,8,8,82.33333333333333,3.4952830188679247,Neutral
541,5,4,4,2,2,7,8,1,63.77777777777778,2.7075471698113205,Neutral
552,5,6,7,2,7,4,4,2,65.44444444444444,2.778301886792453,Neutral
510,6,7,8,3,4,7,7,6,62.0,2.632075471698113,Neutral
159,7,7,6,6,3,9,3,1,22.333333333333332,0.9481132075471699,Negative
223,9,10,4,5,7,10,10,6,31.555555555555557,1.3396226415094343,Negative
807,8,3,4,2,2,4,6,1,93.0,3.94811320754717,Neutral
525,9,9,4,3,5,5,9,2,63.44444444444444,2.6933962264150946,Neutral
799,5,6,5,4,2,1,1,7,92.22222222222223,3.915094339622642,Neutral
24,9,10,6,10,2,10,1,9,9.0,0.3820754716981133,Negative
509,8,2,7,5,2,3,4,4,60.44444444444444,2.5660377358490565,Neutral
797,9,10,4,10,9,2,10,7,95.33333333333333,4.047169811320755,Positive
418,8,8,6,7,9,5,2,8,52.333333333333336,2.2216981132075473,Negative
48,5,5,4,2,1,10,10,9,10.444444444444445,0.44339622641509435,Negative
657,9,5,7,3,2,8,10,6,78.55555555555556,3.3349056603773586,Neutral
864,9,8,5,2,3,9,2,8,101.11111111111111,4.2924528301886795,Positive
861,5,6,4,5,4,4,6,6,100.11111111111111,4.25,Positive
118,9,10,7,7,4,6,9,1,19.0,0.8066037735849058,Negative
387,7,3,8,1,6,8,6,8,48.22222222222222,2.047169811320755,Negative
282,5,6,7,3,8,1,1,9,35.77777777777778,1.518867924528302,Negative
503,8,6,6,3,3,6,4,10,61.0,2.5896226415094343,Neutral
934,5,6,4,6,10,3,4,10,109.11111111111111,4.632075471698114,Positive
781,8,3,4,5,1,8,10,5,91.66666666666667,3.8915094339622645,Neutral
898,10,10,4,3,5,4,2,1,104.11111111111111,4.419811320754717,Positive
474,8,3,7,6,4,3,7,7,57.666666666666664,2.44811320754717,Negative
704,9,9,8,6,8,4,8,5,84.55555555555556,3.589622641509434,Neutral
977,9,5,4,4,6,3,1,9,113.11111111111111,4.801886792452831,Positive
454,9,6,6,1,10,8,10,7,56.77777777777778,2.4103773584905666,Negative
295,5,7,6,3,1,7,2,9,37.22222222222222,1.5801886792452828,Negative
35,10,6,4,5,6,2,3,1,8.0,0.33962264150943394,Negative
304,9,9,4,6,5,1,7,2,38.55555555555556,1.636792452830189,Negative
56,6,9,6,8,9,6,2,4,11.777777777777779,0.5,Negative
922,8,10,7,4,5,9,3,5,108.11111111111111,4.589622641509434,Positive
569,10,7,6,9,2,6,2,5,68.44444444444444,2.9056603773584904,Neutral
186,6,4,4,4,6,9,10,10,26.555555555555557,1.1273584905660379,Negative
258,7,2,7,2,7,2,6,10,33.44444444444444,1.419811320754717,Negative
560,8,7,8,3,8,7,4,8,68.11111111111111,2.8915094339622645,Neutral
621,10,4,5,1,5,10,1,10,74.11111111111111,3.1462264150943398,Neutral
568,10,7,4,6,10,8,10,8,70.11111111111111,2.9764150943396226,Neutral
393,6,9,8,7,5,8,1,4,49.0,2.0801886792452833,Negative
12,8,10,7,2,8,9,6,6,7.555555555555555,0.32075471698113206,Negative
798,7,2,8,7,10,5,3,5,93.88888888888889,3.9858490566037736,Neutral
740,8,10,7,3,2,10,10,1,87.88888888888889,3.731132075471698,Neutral
184,10,9,8,6,4,8,8,9,27.333333333333332,1.1603773584905661,Negative
410,7,2,5,2,6,6,3,10,50.111111111111114,2.127358490566038,Negative
480,10,6,7,8,5,3,1,5,58.333333333333336,2.476415094339623,Negative
84,7,4,6,10,7,7,8,9,15.777777777777779,0.6698113207547172,Negative
89,9,9,4,5,1,2,3,9,14.555555555555555,0.6179245283018868,Negative
763,6,9,6,7,6,10,2,5,90.44444444444444,3.8396226415094343,Neutral
86,7,8,6,8,3,10,2,7,15.222222222222221,0.6462264150943396,Negative
867,6,4,6,4,2,7,5,3,100.44444444444444,4.264150943396227,Positive
248,6,6,4,6,6,6,2,3,31.88888888888889,1.3537735849056602,Negative
751,7,3,8,10,2,7,2,6,88.44444444444444,3.7547169811320757,Neutral
522,6,9,8,10,9,5,3,6,64.22222222222223,2.726415094339623,Neutral
696,5,5,4,9,3,1,8,6,81.88888888888889,3.4764150943396226,Neutral
274,8,2,4,7,10,8,5,8,36.22222222222222,1.5377358490566038,Negative
921,9,7,5,10,10,9,6,4,109.0,4.6273584905660385,Positive
957,6,2,7,8,5,9,5,4,111.44444444444444,4.731132075471699,Positive
88,9,4,4,9,9,9,7,10,16.555555555555557,0.7028301886792454,Negative
149,5,6,5,1,8,9,7,8,22.0,0.9339622641509435,Negative
737,7,9,4,5,5,2,2,1,85.77777777777777,3.641509433962264,Neutral
891,7,2,4,9,6,9,7,9,104.88888888888889,4.452830188679245,Positive
1,9,6,8,7,6,5,3,10,6.111111111111111,0.25943396226415094,Negative
868,7,9,7,2,6,2,9,4,101.55555555555556,4.311320754716982,Positive
895,5,5,7,7,2,1,8,9,104.33333333333333,4.429245283018868,Positive
638,9,10,8,2,1,1,4,8,75.66666666666667,3.2122641509433962,Neutral
707,5,6,6,5,1,9,6,9,83.77777777777777,3.5566037735849054,Neutral
432,9,9,6,8,2,3,2,4,52.77777777777778,2.240566037735849,Negative
988,7,4,6,7,6,9,7,1,115.0,4.882075471698114,Positive
742,7,7,8,2,1,1,8,1,86.33333333333333,3.6650943396226414,Neutral
730,6,5,4,5,6,6,7,2,85.66666666666667,3.636792452830189,Neutral
321,5,7,6,2,3,5,3,5,39.666666666666664,1.6839622641509433,Negative
904,8,5,8,9,7,9,8,6,107.11111111111111,4.547169811320755,Positive
171,6,10,4,6,1,6,2,3,23.22222222222222,0.9858490566037736,Negative
695,10,4,4,1,5,8,7,1,81.66666666666667,3.4669811320754724,Neutral
498,8,5,4,5,10,7,1,10,60.888888888888886,2.5849056603773586,Neutral
446,7,8,5,10,10,2,5,9,55.77777777777778,2.367924528301887,Negative
982,9,10,7,5,6,6,1,5,114.55555555555556,4.863207547169812,Positive
981,7,6,7,5,4,6,8,3,114.11111111111111,4.84433962264151,Positive
849,6,10,6,7,7,4,10,7,100.66666666666667,4.273584905660377,Positive
297,7,10,6,8,10,10,2,8,39.77777777777778,1.688679245283019,Negative
713,8,6,7,5,2,7,10,8,85.11111111111111,3.6132075471698117,Neutral
192,8,4,8,6,3,5,1,5,25.77777777777778,1.0943396226415094,Negative
561,9,6,4,8,6,8,3,3,67.55555555555556,2.867924528301887,Neutral
364,6,6,7,9,6,4,7,6,46.111111111111114,1.957547169811321,Negative
40,6,7,5,6,10,5,6,3,9.777777777777779,0.41509433962264153,Negative
521,5,9,4,2,1,8,3,7,62.22222222222222,2.641509433962264,Neutral
201,8,2,8,9,8,8,9,4,28.555555555555557,1.2122641509433965,Negative
780,6,4,4,10,6,5,6,8,92.11111111111111,3.9103773584905666,Neutral
853,7,9,4,8,9,4,10,2,100.66666666666667,4.273584905660377,Positive
202,5,6,6,10,3,4,2,8,27.333333333333332,1.1603773584905661,Negative
421,6,3,8,10,6,8,7,9,53.111111111111114,2.2547169811320757,Negative
671,9,8,6,10,10,7,7,8,81.77777777777777,3.471698113207547,Neutral
334,5,9,4,3,8,10,4,2,42.111111111111114,1.787735849056604,Negative
843,6,8,5,4,5,5,10,6,99.11111111111111,4.2075471698113205,Positive
57,10,7,6,10,4,4,2,4,11.555555555555555,0.49056603773584906,Negative
353,6,7,5,3,6,6,7,5,44.22222222222222,1.8773584905660379,Negative
681,7,2,7,5,2,1,3,7,79.44444444444444,3.3726415094339623,Neutral
394,6,3,6,10,7,4,3,3,48.44444444444444,2.056603773584906,Negative
188,7,6,8,9,9,8,9,10,28.22222222222222,1.1981132075471699,Negative
641,5,10,6,7,4,2,5,4,76.0,3.226415094339623,Neutral
544,10,7,8,4,6,5,7,8,66.55555555555556,2.8254716981132075,Neutral
163,9,3,4,7,3,8,6,8,23.444444444444443,0.9952830188679245,Negative
283,9,2,6,1,2,10,5,5,35.888888888888886,1.5235849056603774,Negative
820,6,5,4,9,2,5,10,7,96.44444444444444,4.09433962264151,Positive
254,6,6,6,8,9,4,4,8,33.888888888888886,1.4386792452830188,Negative
221,9,6,8,1,8,2,5,6,29.555555555555557,1.2547169811320755,Negative
736,8,2,8,8,2,6,5,4,86.55555555555556,3.6745283018867925,Neutral
280,9,10,4,7,7,3,5,4,36.55555555555556,1.5518867924528303,Negative
976,5,2,5,5,7,9,4,3,112.88888888888889,4.7924528301886795,Positive
481,9,10,8,9,1,3,1,9,59.0,2.5047169811320757,Neutral
80,7,6,4,1,5,6,1,8,13.11111111111111,0.5566037735849056,Negative
473,10,10,7,5,2,6,10,5,58.666666666666664,2.490566037735849,Negative
762,10,7,5,7,8,9,3,4,90.55555555555556,3.84433962264151,Neutral
385,5,2,6,7,3,2,10,1,46.77777777777778,1.9858490566037736,Negative
195,9,7,5,5,10,10,5,1,27.444444444444443,1.1650943396226414,Negative
144,8,6,5,6,3,8,2,6,20.88888888888889,0.8867924528301887,Negative
767,10,10,8,3,9,6,4,8,91.66666666666667,3.8915094339622645,Neutral
300,6,8,4,5,5,9,5,4,38.44444444444444,1.6320754716981132,Negative
580,5,2,5,8,6,5,4,9,69.33333333333333,2.943396226415094,Neutral
216,5,9,8,2,4,8,9,10,30.11111111111111,1.2783018867924527,Negative
583,9,3,4,6,5,3,8,7,69.77777777777777,2.9622641509433962,Neutral
881,7,9,5,9,4,5,4,8,103.55555555555556,4.39622641509434,Positive
488,8,8,6,9,7,4,6,1,59.666666666666664,2.5330188679245285,Neutral
892,5,8,8,9,6,9,10,6,105.88888888888889,4.495283018867925,Positive
152,7,2,5,1,5,10,5,6,21.444444444444443,0.910377358490566,Negative
925,7,10,6,7,9,10,1,3,108.66666666666667,4.613207547169812,Positive
729,9,9,8,7,5,4,5,5,86.77777777777777,3.6839622641509435,Neutral
647,5,5,8,8,9,6,9,8,78.33333333333333,3.3254716981132075,Neutral
686,8,6,5,5,2,6,5,8,81.22222222222223,3.4481132075471703,Neutral
93,9,10,6,4,9,6,7,8,16.88888888888889,0.7169811320754718,Negative
485,8,4,7,1,4,7,1,4,57.888888888888886,2.457547169811321,Negative
59,5,8,5,6,10,3,4,10,12.222222222222221,0.5188679245283019,Negative
907,10,4,7,6,1,2,5,1,104.77777777777777,4.44811320754717,Positive
158,10,6,5,6,2,10,3,8,23.11111111111111,0.9811320754716981,Negative
955,10,4,4,1,10,1,10,10,111.66666666666667,4.740566037735849,Positive
758,8,3,7,7,9,6,7,5,90.0,3.8207547169811322,Neutral
605,6,4,4,4,7,5,5,2,71.33333333333333,3.0283018867924527,Neutral
475,10,6,4,9,3,1,6,7,57.888888888888886,2.457547169811321,Negative
154,9,7,4,8,2,6,3,9,22.444444444444443,0.9528301886792452,Negative
79,6,4,6,6,6,4,9,10,14.444444444444445,0.6132075471698114,Negative
36,10,6,5,2,1,9,9,6,9.333333333333334,0.39622641509433965,Negative
562,6,3,6,7,8,7,4,1,67.11111111111111,2.8490566037735854,Neutral
231,10,7,8,1,3,3,3,3,29.88888888888889,1.2688679245283019,Negative
869,8,7,6,2,9,4,1,7,101.44444444444444,4.306603773584906,Positive
608,7,4,6,5,4,7,8,7,72.88888888888889,3.094339622641509,Neutral
846,10,7,7,4,7,10,7,1,99.88888888888889,4.240566037735849,Positive
542,10,4,7,7,2,2,5,9,65.33333333333333,2.7735849056603774,Neutral
941,9,3,7,2,9,7,3,1,109.11111111111111,4.632075471698114,Positive
919,10,2,8,5,6,3,8,5,107.33333333333333,4.556603773584905,Positive
352,6,2,6,3,5,3,8,6,43.44444444444444,1.8443396226415096,Negative
839,9,2,5,10,4,4,9,1,98.11111111111111,4.165094339622642,Positive
266,8,8,5,6,6,8,2,2,34.55555555555556,1.466981132075472,Negative
298,8,4,8,9,7,1,7,3,38.333333333333336,1.6273584905660379,Negative
929,10,2,6,1,1,9,9,7,108.22222222222223,4.59433962264151,Positive
574,6,4,8,5,9,5,7,10,69.77777777777777,2.9622641509433962,Neutral
250,5,7,7,3,1,6,3,1,31.444444444444443,1.3349056603773586,Negative
616,9,8,6,9,6,3,5,8,74.44444444444444,3.1603773584905657,Neutral
164,8,5,7,10,8,9,10,1,24.666666666666668,1.0471698113207548,Negative
827,6,3,4,9,7,8,7,6,97.44444444444444,4.136792452830188,Positive
228,7,6,6,1,6,6,6,9,30.555555555555557,1.297169811320755,Negative
787,10,10,5,10,1,9,3,8,93.66666666666667,3.976415094339623,Neutral
317,8,8,4,1,10,10,9,1,40.888888888888886,1.7358490566037734,Negative
110,9,6,4,1,4,7,9,5,17.22222222222222,0.7311320754716981,Negative
165,6,2,6,2,2,10,2,2,21.88888888888889,0.929245283018868,Negative
701,5,9,7,1,9,9,1,9,83.44444444444444,3.5424528301886795,Neutral
362,7,9,6,7,4,8,1,2,45.111111111111114,1.9150943396226416,Negative
890,8,7,5,3,9,1,4,5,103.55555555555556,4.39622641509434,Positive
728,10,9,4,8,5,2,3,10,86.55555555555556,3.6745283018867925,Neutral
466,9,8,5,5,6,2,10,4,57.22222222222222,2.4292452830188678,Negative
709,9,3,6,4,4,8,10,1,83.77777777777777,3.5566037735849054,Neutral
482,10,3,4,3,10,1,8,5,58.44444444444444,2.481132075471698,Negative
406,9,10,6,1,6,1,9,2,50.0,2.1226415094339623,Negative
66,8,5,8,7,6,1,9,9,13.222222222222221,0.5613207547169812,Negative
862,6,5,6,5,7,2,10,8,101.22222222222223,4.297169811320755,Positive
61,9,8,6,5,3,10,6,6,12.666666666666666,0.5377358490566038,Negative
111,7,9,7,1,10,10,3,10,18.666666666666668,0.7924528301886793,Negative
147,6,8,4,6,9,6,8,7,22.333333333333332,0.9481132075471699,Negative
211,7,4,4,3,7,8,7,10,29.0,1.2311320754716981,Negative
996,6,5,6,10,8,7,8,4,116.66666666666667,4.952830188679246,Positive
459,8,5,8,6,6,1,8,4,56.111111111111114,2.3820754716981134,Negative
81,5,5,6,5,7,3,9,5,14.0,0.5943396226415094,Negative
288,5,9,6,9,4,4,2,6,37.0,1.5707547169811322,Negative
6,7,10,8,3,3,4,1,2,4.888888888888889,0.20754716981132076,Negative
547,6,6,8,5,1,2,2,8,65.0,2.759433962264151,Neutral
30,6,2,7,5,1,10,9,10,8.88888888888889,0.37735849056603776,Negative
445,9,4,4,2,4,8,1,6,53.666666666666664,2.2783018867924527,Negative
591,6,9,8,5,10,6,2,10,71.88888888888889,3.05188679245283,Neutral
770,10,10,5,7,10,7,7,10,92.88888888888889,3.9433962264150946,Neutral
484,9,6,8,10,3,2,8,4,59.333333333333336,2.518867924528302,Neutral
180,8,4,4,1,6,9,6,1,24.333333333333332,1.0330188679245285,Negative
946,5,5,5,6,1,3,10,5,109.55555555555556,4.650943396226415,Positive
901,9,8,6,1,2,9,8,2,105.11111111111111,4.462264150943397,Positive
517,10,5,7,7,5,10,6,5,63.55555555555556,2.69811320754717,Neutral
545,9,4,8,1,8,6,2,4,65.22222222222223,2.768867924528302,Neutral
918,8,3,8,9,9,1,6,1,107.0,4.5424528301886795,Positive
652,8,3,4,8,3,2,2,3,76.11111111111111,3.2311320754716983,Neutral
471,10,10,4,8,2,2,4,7,57.55555555555556,2.4433962264150946,Negative
323,6,8,7,5,4,1,9,3,40.666666666666664,1.7264150943396226,Negative
276,8,5,7,9,1,10,1,2,35.44444444444444,1.5047169811320753,Negative
672,7,8,5,6,5,10,5,10,80.88888888888889,3.433962264150943,Neutral
337,10,7,6,8,9,5,1,1,42.666666666666664,1.811320754716981,Negative
468,7,7,8,4,2,1,5,10,56.888888888888886,2.4150943396226414,Negative
380,8,8,4,8,2,4,9,2,47.22222222222222,2.0047169811320757,Negative
755,9,8,7,2,9,6,3,7,89.55555555555556,3.8018867924528306,Neutral
267,8,9,4,4,8,4,8,1,34.77777777777778,1.4764150943396228,Negative
598,9,3,4,9,3,4,5,1,70.66666666666667,3.0000000000000004,Neutral
128,6,2,6,1,9,3,9,2,18.444444444444443,0.7830188679245282,Negative
444,8,2,6,10,7,2,4,8,54.55555555555556,2.316037735849057,Negative
572,6,5,4,4,8,6,8,9,69.11111111111111,2.933962264150944,Neutral
319,8,3,6,6,7,10,8,4,41.22222222222222,1.7500000000000002,Negative
390,8,6,7,5,1,4,3,9,48.111111111111114,2.0424528301886795,Negative
176,10,2,6,7,4,10,1,3,24.333333333333332,1.0330188679245285,Negative
883,7,4,4,2,8,6,7,4,102.77777777777777,4.363207547169811,Positive
831,5,2,8,3,5,10,7,7,97.55555555555556,4.1415094339622645,Positive
220,10,5,8,7,9,7,2,7,30.555555555555557,1.297169811320755,Negative
17,7,6,5,3,9,5,5,2,6.555555555555555,0.2783018867924528,Negative
938,10,10,6,5,2,9,9,9,110.88888888888889,4.7075471698113205,Positive
651,8,7,6,3,9,10,6,1,77.88888888888889,3.306603773584906,Neutral
953,5,10,8,10,6,4,6,4,111.77777777777777,4.745283018867925,Positive
902,5,8,6,10,4,5,5,9,106.0,4.5,Positive
167,7,7,5,8,6,9,9,8,25.11111111111111,1.0660377358490567,Negative
669,9,3,4,5,2,2,1,6,77.88888888888889,3.306603773584906,Neutral
859,8,3,5,9,10,3,1,6,100.44444444444444,4.264150943396227,Positive
120,8,4,7,5,4,4,10,6,18.666666666666668,0.7924528301886793,Negative
293,10,4,7,1,6,7,7,4,37.666666666666664,1.599056603773585,Negative
789,10,2,8,7,9,8,1,4,93.11111111111111,3.9528301886792456,Neutral
182,5,2,7,2,3,6,1,9,24.11111111111111,1.0235849056603774,Negative
369,10,5,4,4,3,7,4,10,46.22222222222222,1.9622641509433962,Negative
207,6,8,6,7,9,7,2,5,28.555555555555557,1.2122641509433965,Negative
842,10,7,5,3,3,6,4,6,98.44444444444444,4.179245283018868,Positive
38,5,8,7,6,10,8,9,5,10.666666666666666,0.45283018867924524,Negative
495,5,4,7,9,6,10,5,9,61.111111111111114,2.59433962264151,Neutral
942,10,6,8,3,7,8,4,5,110.33333333333333,4.683962264150943,Positive
752,10,7,4,4,4,9,10,7,89.66666666666667,3.8066037735849063,Neutral
940,7,3,6,9,10,8,3,5,110.11111111111111,4.6745283018867925,Positive
648,5,7,7,9,6,3,10,3,77.55555555555556,3.2924528301886795,Neutral
125,6,2,4,5,9,7,7,7,19.11111111111111,0.8113207547169811,Negative
516,10,2,8,9,2,3,3,1,61.55555555555556,2.6132075471698113,Neutral
963,9,6,4,5,3,3,6,6,111.66666666666667,4.740566037735849,Positive
215,5,6,6,2,1,9,5,8,28.555555555555557,1.2122641509433965,Negative
823,7,5,8,3,4,3,1,10,96.0,4.0754716981132075,Positive
840,5,7,5,6,9,9,10,6,99.66666666666667,4.231132075471699,Positive
429,8,3,5,1,8,1,8,9,52.44444444444444,2.2264150943396226,Negative
109,6,3,5,6,1,6,6,10,16.88888888888889,0.7169811320754718,Negative
795,6,9,8,4,2,6,10,6,94.0,3.9905660377358494,Neutral
760,9,4,4,3,8,5,10,1,89.33333333333333,3.7924528301886795,Neutral
536,10,10,4,7,8,7,6,2,65.55555555555556,2.783018867924529,Neutral
888,6,6,5,2,3,6,6,3,102.77777777777777,4.363207547169811,Positive
719,10,10,8,7,6,10,6,4,86.66666666666667,3.679245283018868,Neutral
654,6,4,4,9,5,8,8,2,77.77777777777777,3.30188679245283,Neutral
947,7,3,8,1,5,9,7,2,109.88888888888889,4.665094339622642,Positive
403,5,7,6,6,5,6,4,6,49.77777777777778,2.1132075471698113,Negative
124,9,9,7,9,1,9,4,3,19.444444444444443,0.8254716981132075,Negative
548,9,8,6,7,1,2,7,6,66.0,2.80188679245283,Neutral
880,7,3,6,3,5,3,3,10,102.22222222222223,4.339622641509434,Positive
939,10,10,7,4,1,2,3,9,109.44444444444444,4.64622641509434,Positive
166,6,10,4,4,4,8,4,6,23.555555555555557,1.0,Negative
885,5,6,7,7,2,2,5,7,102.88888888888889,4.367924528301887,Positive
112,7,9,6,9,1,7,1,2,17.11111111111111,0.7264150943396226,Negative
811,8,8,8,6,1,4,9,1,95.11111111111111,4.037735849056604,Positive
213,10,8,4,10,1,5,6,2,28.77777777777778,1.2216981132075473,Negative
375,10,4,4,1,3,4,7,9,46.333333333333336,1.9669811320754718,Negative
897,6,7,4,1,9,8,8,7,105.22222222222223,4.466981132075472,Positive
460,7,8,5,6,7,7,6,7,57.0,2.419811320754717,Negative
416,6,2,5,8,9,6,3,7,51.333333333333336,2.179245283018868,Negative
571,8,9,7,3,1,8,9,7,69.22222222222223,2.9386792452830193,Neutral
744,8,5,7,3,10,4,6,7,88.22222222222223,3.7452830188679247,Neutral
378,9,8,7,2,4,7,2,6,47.0,1.9952830188679247,Negative
121,5,9,5,2,4,5,6,6,18.11111111111111,0.7688679245283019,Negative
462,10,4,8,5,4,6,4,7,56.666666666666664,2.4056603773584904,Negative
777,8,6,4,6,4,7,10,1,91.44444444444444,3.882075471698113,Neutral
845,5,10,6,8,4,4,4,5,99.0,4.202830188679246,Positive
533,6,10,5,7,2,5,10,10,65.33333333333333,2.7735849056603774,Neutral
450,5,2,6,2,4,5,1,4,53.22222222222222,2.259433962264151,Negative
717,6,2,4,6,6,2,6,9,84.22222222222223,3.575471698113208,Neutral
469,10,8,6,1,3,5,8,10,57.77777777777778,2.4528301886792456,Negative
670,7,7,8,1,6,1,2,1,78.11111111111111,3.316037735849057,Neutral
137,8,2,5,2,4,9,7,8,20.22222222222222,0.8584905660377358,Negative
801,10,7,4,3,6,1,10,4,94.0,3.9905660377358494,Neutral
315,5,10,5,10,8,4,8,4,41.0,1.7405660377358492,Negative
153,7,7,5,3,8,9,8,9,23.22222222222222,0.9858490566037736,Negative
190,8,6,7,5,6,4,3,8,26.333333333333332,1.1179245283018868,Negative
22,7,9,4,1,2,8,10,4,7.444444444444445,0.3160377358490566,Negative
949,9,8,7,1,7,6,9,4,111.11111111111111,4.716981132075472,Positive
523,10,2,6,9,7,5,10,9,64.55555555555556,2.7405660377358494,Neutral
527,5,6,5,2,8,6,9,8,64.0,2.7169811320754715,Neutral
461,7,10,7,6,6,8,4,9,57.55555555555556,2.4433962264150946,Negative
244,5,8,4,9,3,10,1,3,31.88888888888889,1.3537735849056602,Negative
363,9,3,8,10,2,7,5,1,45.333333333333336,1.9245283018867925,Negative
610,8,10,6,8,2,1,5,1,72.33333333333333,3.0707547169811322,Neutral
381,9,2,8,8,1,9,1,2,46.77777777777778,1.9858490566037736,Negative
954,8,8,6,3,9,5,7,2,111.33333333333333,4.726415094339623,Positive
604,10,9,8,9,4,8,7,9,74.22222222222223,3.1509433962264155,Neutral
414,10,6,4,8,2,9,9,3,51.666666666666664,2.1933962264150946,Negative
151,8,7,5,10,8,3,8,6,22.88888888888889,0.9716981132075473,Negative
721,6,9,4,1,4,10,10,9,86.0,3.6509433962264155,Neutral
664,10,8,7,4,8,2,1,10,79.33333333333333,3.3679245283018866,Neutral
956,7,2,6,5,2,3,8,7,110.66666666666667,4.698113207547171,Positive
747,5,3,5,6,5,10,3,6,87.77777777777777,3.7264150943396226,Neutral
438,9,6,5,9,2,3,9,3,53.77777777777778,2.2830188679245285,Negative
975,5,10,4,8,7,6,8,3,114.0,4.839622641509434,Positive
277,5,6,8,7,2,7,1,10,35.888888888888886,1.5235849056603774,Negative
312,7,2,7,6,6,3,7,2,39.111111111111114,1.6603773584905661,Negative
565,10,9,7,10,4,8,5,4,69.11111111111111,2.933962264150944,Neutral
739,8,7,5,10,1,1,8,1,86.66666666666667,3.679245283018868,Neutral
584,8,8,5,8,6,6,9,4,70.88888888888889,3.0094339622641506,Neutral
894,6,3,5,4,7,1,5,5,103.33333333333333,4.386792452830189,Positive
270,9,10,5,9,6,4,7,7,36.333333333333336,1.5424528301886795,Negative
966,7,4,5,3,1,8,10,2,111.77777777777777,4.745283018867925,Positive
489,7,2,5,8,1,1,8,8,58.77777777777778,2.4952830188679247,Negative
665,6,3,4,2,8,5,8,5,78.44444444444444,3.3301886792452833,Neutral
71,9,10,8,4,9,3,8,2,13.777777777777779,0.5849056603773586,Negative
603,7,2,7,1,7,7,1,7,71.33333333333333,3.0283018867924527,Neutral
196,8,10,8,10,6,7,7,7,28.77777777777778,1.2216981132075473,Negative
804,9,3,7,6,10,7,9,7,95.77777777777777,4.066037735849057,Positive
837,5,10,4,1,4,8,9,1,97.66666666666667,4.14622641509434,Positive
530,6,5,4,9,1,2,3,6,62.888888888888886,2.669811320754717,Neutral
720,6,6,6,9,10,4,6,7,86.0,3.6509433962264155,Neutral
272,5,4,6,4,4,7,7,9,35.333333333333336,1.5000000000000002,Negative
984,5,10,6,4,2,10,4,6,114.55555555555556,4.863207547169812,Positive
185,10,3,8,4,1,10,7,9,26.333333333333332,1.1179245283018868,Negative
487,6,6,4,2,10,10,1,9,59.44444444444444,2.5235849056603774,Neutral
75,8,9,8,6,2,7,9,10,14.88888888888889,0.6320754716981132,Negative
718,6,3,6,7,6,6,2,6,84.44444444444444,3.584905660377359,Neutral
496,10,7,4,6,10,5,3,6,60.77777777777778,2.5801886792452833,Neutral
630,5,5,4,8,3,6,6,8,75.0,3.1839622641509435,Neutral
637,8,10,5,6,10,8,2,2,76.44444444444444,3.2452830188679243,Neutral
360,9,9,8,2,3,1,8,6,45.111111111111114,1.9150943396226416,Negative
183,6,7,5,5,4,7,1,9,25.22222222222222,1.0707547169811322,Negative
689,10,8,7,8,1,9,5,10,83.0,3.5235849056603774,Neutral
236,6,9,6,4,1,2,8,4,30.666666666666668,1.3018867924528301,Negative
768,6,6,6,3,5,9,8,3,90.44444444444444,3.8396226415094343,Neutral
316,7,2,7,8,6,4,2,9,40.111111111111114,1.7028301886792454,Negative
396,6,10,4,6,1,2,4,10,48.77777777777778,2.0707547169811322,Negative
212,6,4,4,6,5,10,10,2,28.77777777777778,1.2216981132075473,Negative
830,9,7,7,10,7,8,6,4,98.66666666666667,4.188679245283019,Positive
209,9,8,5,3,3,10,7,2,28.444444444444443,1.2075471698113207,Negative
62,7,4,4,5,3,10,2,1,10.88888888888889,0.46226415094339623,Negative
447,8,7,7,1,4,7,10,9,55.55555555555556,2.358490566037736,Negative
100,6,6,6,10,7,5,7,8,17.22222222222222,0.7311320754716981,Negative
305,10,8,8,4,6,3,10,4,39.77777777777778,1.688679245283019,Negative
494,10,6,6,6,4,10,2,9,60.77777777777778,2.5801886792452833,Neutral
328,10,6,5,4,6,10,8,2,42.111111111111114,1.787735849056604,Negative
854,8,2,8,4,6,2,4,7,99.44444444444444,4.221698113207547,Positive
866,5,10,4,8,3,7,4,5,101.33333333333333,4.30188679245283,Positive
943,8,9,7,10,6,7,7,6,111.44444444444444,4.731132075471699,Positive
734,9,8,5,3,10,1,8,3,86.77777777777777,3.6839622641509435,Neutral
189,9,3,6,2,3,8,10,7,26.333333333333332,1.1179245283018868,Negative
404,10,5,7,8,1,5,10,4,50.44444444444444,2.1415094339622645,Negative
518,7,4,8,5,7,9,2,6,62.888888888888886,2.669811320754717,Neutral
856,6,9,4,6,8,8,3,8,100.88888888888889,4.283018867924529,Positive
70,9,2,5,8,10,9,7,6,14.0,0.5943396226415094,Negative
457,7,4,8,2,3,6,8,4,55.44444444444444,2.3537735849056602,Negative
148,5,4,4,4,8,10,5,5,21.444444444444443,0.910377358490566,Negative
958,10,10,5,8,5,10,7,8,113.44444444444444,4.816037735849057,Positive
356,7,3,7,6,4,2,1,10,44.0,1.867924528301887,Negative
793,10,9,6,4,7,6,8,3,94.0,3.9905660377358494,Neutral
771,8,7,6,4,8,7,3,2,90.66666666666667,3.849056603773585,Neutral
452,5,6,7,9,7,8,6,1,55.666666666666664,2.3632075471698113,Negative
72,8,7,7,3,4,1,4,7,12.555555555555555,0.5330188679245284,Negative
710,7,2,6,5,7,7,6,10,84.44444444444444,3.584905660377359,Neutral
980,6,3,7,1,5,4,9,4,113.22222222222223,4.806603773584906,Positive
145,6,8,4,6,1,3,2,7,20.22222222222222,0.8584905660377358,Negative
960,6,9,6,1,3,3,5,8,111.22222222222223,4.721698113207547,Positive
660,5,7,7,3,10,3,3,4,78.0,3.3113207547169816,Neutral
987,9,10,7,8,7,3,8,7,116.22222222222223,4.933962264150944,Positive
534,9,5,7,5,2,6,10,8,65.11111111111111,2.764150943396227,Neutral
858,9,5,5,3,2,2,7,7,99.77777777777777,4.235849056603774,Positive
324,10,5,5,2,2,5,7,6,40.666666666666664,1.7264150943396226,Negative
884,7,4,7,10,5,1,7,4,103.22222222222223,4.382075471698114,Positive
611,8,9,5,3,9,5,8,3,73.44444444444444,3.117924528301887,Neutral
136,8,6,7,10,9,9,2,3,21.11111111111111,0.8962264150943398,Negative
705,9,3,6,3,3,5,1,2,81.88888888888889,3.4764150943396226,Neutral
991,7,4,5,8,9,8,5,1,115.33333333333333,4.89622641509434,Positive
676,9,8,5,7,4,10,2,6,80.77777777777777,3.4292452830188678,Neutral
769,9,8,8,8,1,1,8,5,90.77777777777777,3.8537735849056602,Neutral
246,7,10,8,8,4,10,3,8,33.77777777777778,1.4339622641509435,Negative
644,9,6,8,2,7,6,4,6,76.88888888888889,3.2641509433962264,Neutral
263,7,9,4,7,9,8,10,7,36.0,1.5283018867924532,Negative
476,9,4,6,4,8,6,4,10,58.55555555555556,2.485849056603774,Negative
697,7,7,6,1,8,10,5,2,82.55555555555556,3.5047169811320753,Neutral
95,7,2,5,5,9,6,8,3,15.555555555555555,0.660377358490566,Negative
688,8,6,7,5,6,1,4,10,81.66666666666667,3.4669811320754724,Neutral
633,8,2,4,7,4,6,7,4,75.0,3.1839622641509435,Neutral
241,8,3,8,8,10,1,8,6,32.55555555555556,1.3820754716981134,Negative
524,9,8,4,6,10,1,9,10,64.55555555555556,2.7405660377358494,Neutral
504,9,4,5,6,6,1,7,10,61.333333333333336,2.6037735849056602,Neutral
417,9,6,7,9,5,1,7,2,51.44444444444444,2.1839622641509435,Negative
554,6,6,8,2,4,6,4,10,66.66666666666667,2.8301886792452837,Neutral
656,6,2,7,2,5,6,9,9,78.0,3.3113207547169816,Neutral
19,10,4,6,3,9,10,9,3,8.11111111111111,0.3443396226415094,Negative
275,8,5,4,9,5,5,8,10,36.55555555555556,1.5518867924528303,Negative
478,5,10,7,6,8,7,3,9,59.22222222222222,2.514150943396227,Neutral
132,6,9,5,8,10,3,2,10,20.555555555555557,0.8726415094339623,Negative
515,8,3,5,10,3,4,9,4,62.333333333333336,2.6462264150943398,Neutral
44,8,9,5,3,6,9,4,9,10.777777777777779,0.4575471698113208,Negative
388,6,10,4,5,6,4,4,9,48.44444444444444,2.056603773584906,Negative
204,8,7,6,3,3,10,3,6,27.77777777777778,1.179245283018868,Negative
338,5,2,4,6,9,10,9,4,43.0,1.8254716981132078,Negative
619,8,7,6,4,3,9,3,8,74.11111111111111,3.1462264150943398,Neutral
205,8,4,4,2,1,7,9,7,27.444444444444443,1.1650943396226414,Negative
39,7,3,7,10,6,4,8,2,9.555555555555555,0.40566037735849053,Negative
53,5,8,5,1,10,8,5,7,11.333333333333334,0.4811320754716981,Negative
58,9,3,7,1,2,3,10,7,11.11111111111111,0.4716981132075472,Negative
157,9,6,8,2,8,4,4,3,22.333333333333332,0.9481132075471699,Negative
28,8,6,6,9,9,9,4,7,9.555555555555555,0.40566037735849053,Negative
833,8,6,7,7,7,9,10,9,99.55555555555556,4.226415094339623,Positive
252,8,9,4,6,10,2,7,5,33.666666666666664,1.4292452830188678,Negative
658,8,5,6,7,10,4,6,4,78.66666666666667,3.3396226415094343,Neutral
179,6,3,7,6,2,6,5,2,24.0,1.0188679245283019,Negative
851,9,6,4,10,2,1,3,10,99.55555555555556,4.226415094339623,Positive
809,7,8,7,5,10,2,8,8,96.0,4.0754716981132075,Positive
330,7,7,5,7,9,10,2,2,42.111111111111114,1.787735849056604,Negative
94,10,10,4,7,8,2,4,4,15.88888888888889,0.6745283018867925,Negative
826,10,5,7,2,8,7,10,5,97.77777777777777,4.150943396226415,Positive
227,9,3,6,4,7,4,4,7,30.11111111111111,1.2783018867924527,Negative
1000,9,8,5,4,10,7,7,10,117.77777777777777,5.0,Positive
114,10,9,7,1,8,4,4,2,17.666666666666668,0.7500000000000001,Negative
251,5,9,6,9,6,4,5,2,33.0,1.400943396226415,Negative
613,5,6,6,3,9,4,2,9,73.0,3.099056603773585,Neutral
101,10,5,6,6,9,8,10,3,17.555555555555557,0.7452830188679247,Negative
871,7,8,7,10,10,7,2,2,102.66666666666667,4.358490566037736,Positive
551,6,3,5,7,3,1,9,10,66.11111111111111,2.806603773584906,Neutral
931,6,5,7,3,6,5,6,10,108.77777777777777,4.617924528301886,Positive
49,8,7,8,8,1,1,8,3,10.333333333333334,0.43867924528301894,Negative
512,5,10,7,9,9,9,6,9,64.0,2.7169811320754715,Neutral
261,9,9,7,7,4,10,5,9,35.666666666666664,1.5141509433962264,Negative
754,6,9,4,4,3,10,2,10,89.11111111111111,3.7830188679245285,Neutral
345,8,2,8,9,10,10,9,5,45.111111111111114,1.9150943396226416,Negative
970,10,9,5,7,6,7,4,7,113.88888888888889,4.834905660377359,Positive
990,6,9,6,4,9,5,10,8,116.33333333333333,4.938679245283019,Positive
911,6,4,4,10,9,4,7,2,106.33333333333333,4.514150943396226,Positive
909,9,8,5,9,5,6,9,7,107.44444444444444,4.561320754716982,Positive
817,6,5,7,10,10,4,6,6,96.77777777777777,4.1084905660377355,Positive
733,10,10,5,1,4,1,3,4,85.66666666666667,3.636792452830189,Neutral
626,7,9,5,4,9,4,3,1,74.22222222222223,3.1509433962264155,Neutral
292,7,9,8,1,5,4,7,4,37.44444444444444,1.5896226415094339,Negative
82,5,10,8,4,4,10,5,5,14.777777777777779,0.6273584905660378,Negative
355,10,8,5,6,5,10,1,8,45.333333333333336,1.9245283018867925,Negative
948,9,5,4,7,9,3,5,7,110.77777777777777,4.702830188679245,Positive
341,9,4,4,4,7,5,5,8,43.0,1.8254716981132078,Negative
952,7,9,5,7,8,8,10,5,112.33333333333333,4.768867924528302,Positive
711,7,3,4,6,3,7,6,4,83.44444444444444,3.5424528301886795,Neutral
635,7,3,8,6,7,4,10,5,76.11111111111111,3.2311320754716983,Neutral
850,5,8,7,4,8,7,8,6,100.33333333333333,4.259433962264151,Positive
716,6,3,7,9,2,3,3,6,83.88888888888889,3.561320754716981,Neutral
627,10,2,4,1,6,5,9,5,74.33333333333333,3.155660377358491,Neutral
661,6,10,4,3,8,2,7,6,78.55555555555556,3.3349056603773586,Neutral
877,8,9,4,5,10,10,10,2,103.88888888888889,4.410377358490566,Positive
177,8,2,6,2,8,1,9,9,24.666666666666668,1.0471698113207548,Negative
322,8,10,7,3,3,3,1,5,40.22222222222222,1.707547169811321,Negative
914,9,2,4,2,4,2,2,9,105.33333333333333,4.471698113207547,Positive
486,10,9,5,1,4,10,6,9,60.0,2.547169811320755,Neutral
723,6,10,5,3,10,3,6,4,85.55555555555556,3.6320754716981134,Neutral
105,9,10,5,1,3,1,1,2,15.222222222222221,0.6462264150943396,Negative
52,6,10,4,1,7,3,10,2,10.555555555555555,0.4481132075471699,Negative
436,9,9,4,10,1,10,10,2,54.55555555555556,2.316037735849057,Negative
829,6,9,5,3,2,2,10,9,97.22222222222223,4.1273584905660385,Positive
753,5,10,8,7,5,10,9,7,90.44444444444444,3.8396226415094343,Neutral
130,7,9,5,9,3,2,5,4,19.333333333333332,0.820754716981132,Negative
91,6,5,4,2,5,8,3,3,14.11111111111111,0.5990566037735849,Negative
590,10,3,4,4,9,9,6,2,70.77777777777777,3.0047169811320757,Neutral
965,10,3,4,5,10,3,7,3,112.22222222222223,4.764150943396227,Positive
99,8,9,6,2,2,3,10,6,16.11111111111111,0.6839622641509434,Negative
912,7,10,7,10,2,7,5,7,107.44444444444444,4.561320754716982,Positive
395,9,6,8,2,7,9,8,10,50.44444444444444,2.1415094339622645,Negative
923,6,3,5,6,9,4,10,3,107.66666666666667,4.570754716981132,Positive
499,7,9,8,3,5,1,5,2,59.888888888888886,2.5424528301886795,Neutral
115,5,5,7,1,3,8,1,10,17.22222222222222,0.7311320754716981,Negative
815,5,9,6,6,2,9,5,3,95.55555555555556,4.056603773584905,Positive
570,10,10,6,8,9,2,8,10,70.33333333333333,2.9858490566037736,Neutral
825,9,7,8,1,3,2,9,3,96.33333333333333,4.089622641509434,Positive
620,9,5,8,2,8,10,8,8,75.33333333333333,3.19811320754717,Neutral
175,10,9,8,2,1,6,7,2,24.444444444444443,1.0377358490566038,Negative
358,5,7,4,3,3,10,3,4,44.111111111111114,1.8726415094339623,Negative
191,7,4,5,2,5,10,4,7,26.11111111111111,1.108490566037736,Negative
492,6,5,8,10,3,8,3,2,59.666666666666664,2.5330188679245285,Neutral
529,9,6,6,1,4,10,1,7,63.666666666666664,2.7028301886792456,Neutral
389,5,5,8,6,2,3,5,7,47.77777777777778,2.0283018867924527,Negative
878,6,5,8,4,10,3,9,10,103.66666666666667,4.400943396226415,Positive
368,7,9,8,3,2,7,4,1,45.44444444444444,1.929245283018868,Negative
122,7,5,5,3,9,6,9,2,18.666666666666668,0.7924528301886793,Negative
332,9,2,7,2,8,7,4,10,42.333333333333336,1.7971698113207548,Negative
303,7,4,5,4,7,2,1,6,37.666666666666664,1.599056603773585,Negative
336,8,10,4,5,6,7,2,3,42.333333333333336,1.7971698113207548,Negative
588,6,6,4,10,10,10,3,9,71.77777777777777,3.047169811320755,Neutral
609,10,9,4,4,1,5,9,10,73.44444444444444,3.117924528301887,Neutral
920,10,6,7,10,10,2,4,2,107.88888888888889,4.580188679245284,Positive
370,9,4,7,10,1,10,2,7,46.666666666666664,1.9811320754716983,Negative
405,10,2,5,5,5,1,4,6,49.22222222222222,2.089622641509434,Negative
779,10,8,6,3,8,8,7,8,93.0,3.94811320754717,Neutral
962,10,6,4,5,1,7,1,10,111.77777777777777,4.745283018867925,Positive
268,10,6,5,9,9,1,8,6,35.77777777777778,1.518867924528302,Negative
625,10,7,6,7,9,6,3,3,75.11111111111111,3.1886792452830193,Neutral
217,8,9,8,3,8,5,5,5,29.77777777777778,1.2641509433962264,Negative
479,10,10,4,6,5,9,2,3,58.666666666666664,2.490566037735849,Negative
500,9,5,8,4,2,2,5,1,59.55555555555556,2.5283018867924527,Neutral
409,8,9,7,3,10,4,6,1,50.77777777777778,2.155660377358491,Negative
546,7,7,5,1,9,8,1,1,65.0,2.759433962264151,Neutral
967,5,5,8,8,1,9,8,5,112.88888888888889,4.7924528301886795,Positive
343,8,4,7,1,10,8,2,6,43.22222222222222,1.8349056603773586,Negative
639,7,4,7,7,6,10,5,7,76.88888888888889,3.2641509433962264,Neutral
402,6,8,6,9,4,8,5,7,50.55555555555556,2.1462264150943398,Negative
617,5,7,5,4,7,1,10,6,73.55555555555556,3.122641509433963,Neutral
349,6,8,8,2,9,9,2,8,44.55555555555556,1.8915094339622642,Negative
994,8,5,5,2,5,5,9,5,115.33333333333333,4.89622641509434,Positive
279,5,10,7,1,4,4,9,4,35.888888888888886,1.5235849056603774,Negative
926,10,7,5,1,1,6,6,1,107.0,4.5424528301886795,Positive
816,10,8,5,9,2,7,9,3,96.55555555555556,4.099056603773585,Positive
765,8,7,8,5,7,7,7,7,91.22222222222223,3.872641509433963,Neutral
160,10,6,5,4,2,10,4,7,23.11111111111111,0.9811320754716981,Negative
606,8,3,8,1,6,4,8,9,72.55555555555556,3.0801886792452833,Neutral
602,5,3,6,2,8,10,3,1,71.11111111111111,3.018867924528302,Neutral
893,10,6,8,1,1,10,1,3,103.66666666666667,4.400943396226415,Positive
810,9,6,7,3,5,9,10,5,96.0,4.0754716981132075,Positive
802,8,2,6,6,3,8,7,7,94.33333333333333,4.004716981132075,Positive
162,6,2,5,2,10,2,8,8,22.77777777777778,0.9669811320754718,Negative
449,5,7,8,9,3,2,7,10,55.55555555555556,2.358490566037736,Negative
463,7,8,7,8,1,4,4,1,55.888888888888886,2.3726415094339623,Negative
41,5,3,5,9,3,1,8,8,9.222222222222221,0.3915094339622641,Negative
838,6,3,6,8,7,1,8,8,98.33333333333333,4.1745283018867925,Positive
703,10,7,8,3,4,7,9,8,84.33333333333333,3.580188679245283,Neutral
490,9,2,6,10,9,8,2,4,60.0,2.547169811320755,Neutral
906,7,7,8,4,5,2,4,5,105.33333333333333,4.471698113207547,Positive
174,7,3,6,7,10,10,2,3,24.666666666666668,1.0471698113207548,Negative
4,5,8,5,7,10,7,3,1,5.555555555555555,0.2358490566037736,Negative
161,6,7,8,3,5,10,6,4,23.333333333333332,0.9905660377358492,Negative
31,5,4,5,9,9,2,4,1,7.777777777777778,0.330188679245283,Negative
623,6,4,6,6,10,10,3,9,75.22222222222223,3.193396226415095,Neutral
818,10,5,4,9,2,6,2,6,95.77777777777777,4.066037735849057,Positive
60,5,6,5,3,1,7,5,3,10.555555555555555,0.4481132075471699,Negative
384,6,2,7,9,4,4,2,8,47.333333333333336,2.009433962264151,Negative
971,7,6,7,4,6,6,7,9,113.66666666666667,4.8254716981132075,Positive
427,7,3,7,2,9,8,8,7,53.111111111111114,2.2547169811320757,Negative
431,10,9,4,3,3,9,4,1,52.666666666666664,2.2358490566037736,Negative
408,6,5,4,7,1,8,6,7,50.22222222222222,2.1320754716981134,Negative
577,10,7,4,10,7,2,5,1,69.22222222222223,2.9386792452830193,Neutral
803,6,10,8,5,6,5,6,7,95.11111111111111,4.037735849056604,Positive
273,9,3,7,1,5,3,8,4,34.77777777777778,1.4764150943396228,Negative
371,6,3,4,9,4,10,4,10,46.77777777777778,1.9858490566037736,Negative
999,6,7,8,8,9,9,9,5,117.77777777777777,5.0,Positive
595,10,5,5,4,10,4,4,4,71.22222222222223,3.0235849056603774,Neutral
63,8,8,7,4,4,4,8,2,12.0,0.5094339622641509,Negative
899,5,4,7,7,2,6,1,1,103.55555555555556,4.39622641509434,Positive
0,7,4,8,2,1,4,8,3,4.111111111111111,0.17452830188679244,Negative
796,7,9,6,2,7,7,6,8,94.22222222222223,4.0,Positive
181,10,10,4,2,1,5,3,1,24.11111111111111,1.0235849056603774,Negative
290,6,7,6,4,2,8,9,7,37.666666666666664,1.599056603773585,Negative
373,6,4,8,10,5,3,10,10,47.666666666666664,2.0235849056603774,Negative
285,6,10,5,7,3,3,5,1,36.111111111111114,1.5330188679245285,Negative
882,6,3,4,1,7,5,4,2,101.55555555555556,4.311320754716982,Positive
776,8,3,7,6,3,7,6,7,91.44444444444444,3.882075471698113,Neutral
935,10,9,7,2,8,2,1,2,108.44444444444444,4.60377358490566,Positive
679,10,6,4,5,10,9,6,7,81.77777777777777,3.471698113207547,Neutral
102,7,4,6,3,5,7,5,5,16.0,0.6792452830188679,Negative
618,5,8,6,9,3,8,7,9,74.77777777777777,3.1745283018867925,Neutral
607,8,4,4,10,10,8,3,7,73.44444444444444,3.117924528301887,Neutral
743,9,7,7,10,1,5,5,10,88.55555555555556,3.759433962264151,Neutral
682,8,5,8,9,2,10,3,4,81.22222222222223,3.4481132075471703,Neutral
16,5,3,6,6,5,8,8,2,6.555555555555555,0.2783018867924528,Negative
969,8,6,8,10,2,1,3,2,112.11111111111111,4.7594339622641515,Positive
46,8,4,4,9,5,7,4,8,10.555555555555555,0.4481132075471699,Negative
706,6,8,7,9,8,6,4,1,83.88888888888889,3.561320754716981,Neutral
993,9,9,4,1,5,2,9,9,115.66666666666667,4.910377358490567,Positive
508,10,6,5,8,8,5,7,10,63.0,2.6745283018867925,Neutral
989,8,4,5,4,8,6,7,3,114.88888888888889,4.877358490566038,Positive
133,10,4,7,3,5,4,4,5,19.444444444444443,0.8254716981132075,Negative
15,8,9,8,3,6,10,2,3,7.111111111111111,0.3018867924528302,Negative
78,10,9,6,8,10,7,7,8,15.88888888888889,0.6745283018867925,Negative
433,6,6,8,4,8,9,4,1,53.22222222222222,2.259433962264151,Negative
784,7,7,4,3,7,8,6,10,92.88888888888889,3.9433962264150946,Neutral
983,5,2,4,1,9,4,3,2,112.55555555555556,4.778301886792454,Positive
197,9,3,5,9,8,2,4,10,27.444444444444443,1.1650943396226414,Negative
483,8,2,6,2,10,2,2,5,57.77777777777778,2.4528301886792456,Negative
376,5,5,5,8,8,4,6,10,47.44444444444444,2.0141509433962264,Negative
915,10,7,4,6,9,4,9,5,107.66666666666667,4.570754716981132,Positive
210,6,5,7,9,5,1,2,4,27.666666666666668,1.1745283018867927,Negative
20,8,4,5,1,10,10,7,5,7.777777777777778,0.330188679245283,Negative
425,5,9,8,1,10,8,10,10,54.0,2.2924528301886795,Negative
668,6,3,6,1,2,10,9,3,78.66666666666667,3.3396226415094343,Neutral
54,7,2,5,1,5,3,1,3,9.0,0.3820754716981133,Negative
950,7,2,7,10,5,3,4,7,110.55555555555556,4.693396226415095,Positive
782,6,7,4,2,2,1,3,8,90.55555555555556,3.84433962264151,Neutral
108,5,5,7,5,10,7,3,9,17.666666666666668,0.7500000000000001,Negative
400,9,4,5,5,8,10,6,10,50.77777777777778,2.155660377358491,Negative
685,10,9,7,3,1,6,6,4,81.22222222222223,3.4481132075471703,Neutral
673,9,3,4,4,7,9,8,4,80.11111111111111,3.400943396226415,Neutral
198,6,7,7,7,3,5,4,3,26.666666666666668,1.1320754716981134,Negative
14,5,5,8,9,7,5,2,1,6.222222222222222,0.2641509433962264,Negative
172,6,5,8,3,4,3,10,3,23.77777777777778,1.009433962264151,Negative
359,5,6,7,6,9,5,1,5,44.77777777777778,1.9009433962264153,Negative
714,10,5,5,5,7,5,7,9,85.22222222222223,3.6179245283018875,Neutral
785,7,6,7,1,7,5,5,9,92.44444444444444,3.9245283018867925,Neutral
865,8,4,6,2,7,5,2,7,100.66666666666667,4.273584905660377,Positive
662,10,6,4,5,1,9,6,3,78.44444444444444,3.3301886792452833,Neutral
513,9,10,7,7,9,2,10,1,63.111111111111114,2.6792452830188687,Neutral
722,7,10,5,5,4,9,6,7,86.11111111111111,3.6556603773584913,Neutral
8,6,7,6,10,6,9,9,10,7.888888888888889,0.3349056603773586,Negative
873,10,10,4,5,9,10,2,5,103.11111111111111,4.377358490566038,Positive
684,10,3,7,4,4,5,1,10,80.88888888888889,3.433962264150943,Neutral
73,7,2,5,6,3,1,1,4,11.333333333333334,0.4811320754716981,Negative
900,9,8,5,8,4,6,9,7,106.22222222222223,4.5094339622641515,Positive
933,6,9,4,8,7,10,3,5,109.44444444444444,4.64622641509434,Positive
634,6,7,6,6,1,6,3,8,75.22222222222223,3.193396226415095,Neutral
835,8,2,7,8,3,4,3,4,97.11111111111111,4.122641509433962,Positive
422,9,8,4,4,8,3,4,10,52.44444444444444,2.2264150943396226,Negative
235,6,2,8,8,6,3,3,1,30.22222222222222,1.2830188679245282,Negative
286,10,3,7,10,8,8,4,9,38.333333333333336,1.6273584905660379,Negative
129,7,3,4,9,1,4,4,9,18.88888888888889,0.8018867924528303,Negative
443,7,9,8,2,4,5,1,5,53.77777777777778,2.2830188679245285,Negative
301,10,7,7,4,3,4,9,2,38.55555555555556,1.636792452830189,Negative
532,10,2,4,2,2,6,10,9,64.11111111111111,2.7216981132075473,Neutral
64,6,2,8,1,8,4,8,4,11.666666666666666,0.4952830188679246,Negative
860,10,8,4,3,7,1,4,5,100.22222222222223,4.254716981132076,Positive
559,8,4,4,6,5,5,1,7,66.55555555555556,2.8254716981132075,Neutral
311,7,5,6,8,4,9,8,9,40.77777777777778,1.7311320754716983,Negative
32,9,3,7,7,6,1,9,2,8.444444444444445,0.3584905660377359,Negative
296,10,7,4,2,2,10,10,8,38.77777777777778,1.6462264150943398,Negative
419,10,2,5,8,5,3,3,10,51.666666666666664,2.1933962264150946,Negative
83,10,6,6,1,8,1,3,9,14.11111111111111,0.5990566037735849,Negative
594,7,2,7,6,7,2,3,6,70.44444444444444,2.990566037735849,Neutral
501,5,2,8,4,7,6,10,4,60.77777777777778,2.5801886792452833,Neutral
411,8,4,4,4,8,4,3,1,49.666666666666664,2.108490566037736,Negative
824,10,7,7,9,4,9,9,8,98.55555555555556,4.183962264150944,Positive
585,7,6,8,2,4,7,10,9,70.88888888888889,3.0094339622641506,Neutral
848,9,9,6,1,9,2,8,6,99.77777777777777,4.235849056603774,Positive
299,10,8,5,5,4,3,1,9,38.22222222222222,1.6226415094339621,Negative
107,9,4,8,6,10,4,5,9,18.0,0.7641509433962266,Negative
119,9,10,5,1,9,6,7,6,19.11111111111111,0.8113207547169811,Negative
335,5,3,4,2,8,4,7,6,41.55555555555556,1.7641509433962266,Negative
557,5,5,8,2,4,10,6,1,66.44444444444444,2.8207547169811322,Neutral
113,5,6,7,1,10,6,4,7,17.666666666666668,0.7500000000000001,Negative
281,5,6,6,3,4,1,1,1,34.22222222222222,1.4528301886792452,Negative
836,9,3,4,6,6,3,2,7,97.33333333333333,4.132075471698114,Positive
426,9,8,7,8,10,6,9,8,54.55555555555556,2.316037735849057,Negative
42,8,2,4,6,6,7,3,1,8.777777777777779,0.37264150943396235,Negative
567,9,3,8,1,4,9,10,9,68.88888888888889,2.9245283018867925,Neutral
589,5,8,7,5,6,7,8,9,71.55555555555556,3.037735849056604,Neutral
187,5,5,6,2,6,1,8,5,25.0,1.0613207547169812,Negative
615,5,6,7,9,1,1,1,5,72.22222222222223,3.066037735849057,Neutral
556,9,9,5,5,1,3,6,10,67.11111111111111,2.8490566037735854,Neutral
3,9,6,5,9,10,5,5,4,6.222222222222222,0.2641509433962264,Negative
667,9,9,6,2,1,3,10,2,78.77777777777777,3.3443396226415096,Neutral
234,7,2,4,5,1,8,7,2,30.0,1.2735849056603774,Negative
96,6,6,5,10,8,10,5,2,16.444444444444443,0.6981132075471698,Negative
691,7,7,8,8,5,4,8,2,82.22222222222223,3.4905660377358494,Neutral
269,9,10,6,10,10,1,9,10,37.111111111111114,1.5754716981132078,Negative
566,8,10,6,10,7,6,6,1,68.88888888888889,2.9245283018867925,Neutral
985,5,5,4,8,7,6,7,3,114.44444444444444,4.8584905660377355,Positive
437,7,2,6,7,5,8,1,8,53.44444444444444,2.268867924528302,Negative
200,8,4,8,6,8,4,7,1,27.333333333333332,1.1603773584905661,Negative
291,10,3,7,8,2,10,3,3,37.44444444444444,1.5896226415094339,Negative
612,8,9,8,7,1,2,8,4,73.22222222222223,3.1084905660377364,Neutral
448,6,7,7,9,2,9,2,5,55.0,2.3349056603773586,Negative
439,6,8,7,7,7,4,5,4,54.111111111111114,2.297169811320755,Negative
573,5,5,5,8,8,9,8,2,69.22222222222223,2.9386792452830193,Neutral
7,5,8,5,6,2,10,4,8,6.111111111111111,0.25943396226415094,Negative
725,5,10,8,4,3,5,1,6,85.22222222222223,3.6179245283018875,Neutral
50,9,8,6,7,1,6,7,4,10.88888888888889,0.46226415094339623,Negative
423,7,9,5,10,10,7,7,3,53.44444444444444,2.268867924528302,Negative
140,7,10,6,8,6,10,9,6,22.444444444444443,0.9528301886792452,Negative
135,8,9,7,3,6,10,2,9,21.0,0.8915094339622642,Negative
786,5,4,7,5,5,6,7,1,91.77777777777777,3.8962264150943393,Neutral
601,8,9,4,5,4,3,1,10,71.66666666666667,3.0424528301886795,Neutral
493,9,4,4,9,4,3,6,7,59.888888888888886,2.5424528301886795,Neutral
553,7,2,4,7,3,5,1,3,65.0,2.759433962264151,Neutral
27,7,3,5,5,5,1,8,6,7.444444444444445,0.3160377358490566,Negative
257,8,5,6,4,4,1,5,4,32.666666666666664,1.3867924528301887,Negative
225,10,4,5,9,3,6,9,4,30.555555555555557,1.297169811320755,Negative
788,6,5,6,3,10,4,3,8,92.55555555555556,3.9292452830188687,Neutral
37,8,9,5,3,4,3,5,2,8.444444444444445,0.3584905660377359,Negative
170,5,10,7,2,8,5,9,5,24.555555555555557,1.0424528301886795,Negative
528,9,2,5,2,6,5,1,6,62.666666666666664,2.660377358490566,Neutral
600,7,8,6,10,6,7,7,6,73.0,3.099056603773585,Neutral
655,7,8,5,4,1,6,6,8,77.77777777777777,3.30188679245283,Neutral
74,8,8,6,1,2,5,2,6,12.444444444444445,0.5283018867924528,Negative
505,9,6,8,5,8,4,7,6,62.0,2.632075471698113,Neutral
377,5,5,7,3,9,6,1,4,46.333333333333336,1.9669811320754718,Negative
808,8,6,4,5,1,8,8,3,94.55555555555556,4.014150943396227,Positive
366,9,9,8,2,1,10,5,2,45.77777777777778,1.9433962264150946,Negative
238,8,7,5,10,10,9,7,10,33.77777777777778,1.4339622641509435,Negative
255,9,10,7,10,3,2,7,8,34.55555555555556,1.466981132075472,Negative
123,10,2,4,5,9,8,3,5,18.77777777777778,0.7971698113207548,Negative
663,6,2,8,2,5,7,5,7,78.33333333333333,3.3254716981132075,Neutral
876,6,7,4,4,9,2,5,9,102.44444444444444,4.349056603773585,Positive
690,5,10,8,4,2,7,9,6,82.33333333333333,3.4952830188679247,Neutral
309,5,8,4,9,2,1,4,5,38.55555555555556,1.636792452830189,Negative
693,7,9,8,1,5,10,3,7,82.55555555555556,3.5047169811320753,Neutral
226,7,6,8,8,8,5,8,8,31.555555555555557,1.3396226415094343,Negative
951,10,10,7,10,5,9,7,1,112.22222222222223,4.764150943396227,Positive
260,9,3,7,4,7,2,8,3,33.666666666666664,1.4292452830188678,Negative
243,9,8,8,8,4,10,8,9,34.111111111111114,1.44811320754717,Negative
222,5,4,4,2,7,9,5,3,29.0,1.2311320754716981,Negative
314,5,10,6,8,6,6,10,4,41.0,1.7405660377358492,Negative
229,7,6,8,2,2,10,8,8,31.11111111111111,1.320754716981132,Negative
85,5,6,8,9,3,4,4,4,14.222222222222221,0.6037735849056604,Negative
76,8,9,8,6,3,10,7,2,14.333333333333334,0.6084905660377359,Negative
887,6,9,5,8,9,7,6,2,104.33333333333333,4.429245283018868,Positive
582,8,4,7,8,1,5,9,3,69.66666666666667,2.957547169811321,Neutral
674,8,5,6,8,7,10,2,7,80.77777777777777,3.4292452830188678,Neutral
986,7,2,6,2,4,7,10,7,114.55555555555556,4.863207547169812,Positive
511,8,4,4,5,2,10,10,6,62.22222222222222,2.641509433962264,Neutral
879,6,10,5,10,9,5,5,4,103.66666666666667,4.400943396226415,Positive
401,8,10,7,2,8,10,8,9,51.44444444444444,2.1839622641509435,Negative
514,6,6,7,10,7,7,6,3,62.888888888888886,2.669811320754717,Neutral
750,10,3,8,1,5,1,3,5,87.33333333333333,3.7075471698113205,Neutral
156,7,4,7,9,10,8,5,8,23.77777777777778,1.009433962264151,Negative
775,5,6,7,2,5,4,1,4,89.88888888888889,3.8160377358490565,Neutral
329,9,8,8,5,3,3,10,8,42.55555555555556,1.8066037735849059,Negative
467,8,10,5,7,7,1,3,6,57.111111111111114,2.424528301886793,Negative
178,7,7,4,7,1,2,1,2,23.22222222222222,0.9858490566037736,Negative
549,5,3,7,6,8,8,5,5,66.22222222222223,2.8113207547169816,Neutral
453,8,4,4,4,2,8,1,4,54.22222222222222,2.30188679245283,Negative
307,6,9,5,1,6,5,3,5,38.55555555555556,1.636792452830189,Negative
472,6,8,7,7,9,9,2,3,58.111111111111114,2.466981132075472,Negative
392,7,7,4,9,7,10,8,4,49.77777777777778,2.1132075471698113,Negative
65,6,4,4,6,3,10,8,3,12.11111111111111,0.5141509433962265,Negative
575,9,4,7,7,1,1,5,1,67.77777777777777,2.8773584905660377,Neutral
855,8,3,6,4,1,1,9,7,99.33333333333333,4.216981132075472,Positive
791,5,9,4,4,1,4,10,9,93.0,3.94811320754717,Neutral
391,5,3,7,6,7,6,9,4,48.666666666666664,2.066037735849057,Negative
973,6,3,4,6,4,6,6,9,113.0,4.797169811320755,Positive
828,8,3,5,2,9,5,6,3,96.55555555555556,4.099056603773585,Positive
247,6,9,6,5,2,2,3,7,31.88888888888889,1.3537735849056602,Negative
412,9,2,5,8,7,2,10,4,51.0,2.1650943396226414,Negative
67,7,9,4,3,9,1,1,2,11.444444444444445,0.48584905660377364,Negative
289,5,2,5,8,9,2,7,2,36.55555555555556,1.5518867924528303,Negative
399,10,6,4,8,6,5,10,4,50.22222222222222,2.1320754716981134,Negative
138,8,5,8,8,10,4,2,6,21.0,0.8915094339622642,Negative
537,10,6,4,9,9,5,7,5,65.77777777777777,2.792452830188679,Neutral
265,5,9,7,6,5,6,5,3,34.55555555555556,1.466981132075472,Negative
724,5,2,6,1,7,3,3,1,83.55555555555556,3.547169811320755,Neutral
653,5,6,5,6,6,3,9,2,77.22222222222223,3.2783018867924536,Neutral
318,6,8,5,10,6,7,10,8,42.0,1.7830188679245285,Negative
232,6,8,5,5,1,1,7,8,30.333333333333332,1.2877358490566038,Negative
21,9,7,5,3,6,6,1,6,7.111111111111111,0.3018867924528302,Negative
998,9,7,5,1,2,2,1,10,115.0,4.882075471698114,Positive
694,9,8,8,10,7,7,7,2,83.55555555555556,3.547169811320755,Neutral
927,6,2,6,2,10,3,6,4,107.33333333333333,4.556603773584905,Positive
348,7,9,5,6,5,5,8,6,44.333333333333336,1.8820754716981134,Negative
968,6,7,6,3,8,1,9,3,112.33333333333333,4.768867924528302,Positive
992,10,6,4,3,8,6,10,3,115.77777777777777,4.915094339622642,Positive
764,9,3,7,6,3,8,10,2,90.22222222222223,3.8301886792452833,Neutral
587,5,4,8,2,2,2,4,10,69.33333333333333,2.943396226415094,Neutral
944,10,8,6,8,8,7,9,6,111.77777777777777,4.745283018867925,Positive
239,5,10,4,3,2,7,4,4,30.88888888888889,1.3113207547169812,Negative
886,7,7,5,5,10,1,9,9,104.33333333333333,4.429245283018868,Positive
23,9,7,4,2,1,2,9,3,6.666666666666667,0.28301886792452835,Negative
458,6,2,4,6,6,10,4,1,55.22222222222222,2.3443396226415096,Negative
822,6,2,7,1,5,4,1,10,95.33333333333333,4.047169811320755,Positive
413,7,10,4,2,3,1,10,1,50.111111111111114,2.127358490566038,Negative
563,7,4,8,8,7,3,3,10,68.11111111111111,2.8915094339622645,Neutral
331,8,8,7,5,10,4,7,5,42.77777777777778,1.8160377358490567,Negative
434,7,7,7,6,1,8,9,6,53.888888888888886,2.2877358490566038,Negative
456,10,4,8,6,5,1,10,1,55.666666666666664,2.3632075471698113,Negative
430,9,6,4,9,8,6,4,3,53.22222222222222,2.259433962264151,Negative
896,6,8,7,5,4,4,5,5,104.44444444444444,4.433962264150944,Positive
451,9,3,6,10,7,8,9,10,57.0,2.419811320754717,Negative
477,5,2,5,6,10,6,10,8,58.77777777777778,2.4952830188679247,Negative
9,7,5,4,5,1,3,5,6,5.0,0.21226415094339623,Negative
325,7,5,7,6,1,5,8,6,41.111111111111114,1.7452830188679247,Negative
812,9,5,4,4,2,4,2,6,94.22222222222223,4.0,Positive
727,7,2,6,4,2,10,9,5,85.77777777777777,3.641509433962264,Neutral
928,6,7,6,9,4,8,5,8,109.0,4.6273584905660385,Positive
134,9,9,7,4,7,10,8,3,21.22222222222222,0.9009433962264152,Negative
819,6,7,8,8,9,10,2,2,96.77777777777777,4.1084905660377355,Positive
230,7,2,8,2,6,1,9,2,29.666666666666668,1.259433962264151,Negative
520,9,3,5,6,7,10,10,3,63.666666666666664,2.7028301886792456,Neutral
326,7,10,8,8,6,4,9,7,42.77777777777778,1.8160377358490567,Negative
142,6,8,4,10,8,5,8,6,21.88888888888889,0.929245283018868,Negative
491,5,4,8,6,1,3,4,4,58.44444444444444,2.481132075471698,Negative
379,7,5,6,2,9,7,3,10,47.55555555555556,2.018867924528302,Negative
465,5,2,8,8,6,8,2,4,56.44444444444444,2.3962264150943398,Negative
756,6,7,7,3,2,6,9,7,89.22222222222223,3.787735849056604,Neutral
347,6,8,7,3,5,1,2,8,43.0,1.8254716981132078,Negative
237,10,4,5,8,7,8,2,8,32.111111111111114,1.3632075471698115,Negative
642,5,7,6,8,9,6,6,7,77.33333333333333,3.283018867924528,Neutral
506,9,7,4,1,5,7,5,1,60.55555555555556,2.5707547169811322,Neutral
646,7,8,5,4,7,8,8,8,77.88888888888889,3.306603773584906,Neutral
382,10,10,7,5,2,3,6,3,47.55555555555556,2.018867924528302,Negative
256,6,7,4,5,9,8,6,5,34.0,1.4433962264150944,Negative
327,8,8,5,10,2,1,10,5,41.77777777777778,1.7735849056603774,Negative
624,7,3,7,10,2,1,8,8,74.44444444444444,3.1603773584905657,Neutral
155,8,8,8,10,3,9,7,3,23.444444444444443,0.9952830188679245,Negative
578,8,10,7,4,5,8,7,6,70.33333333333333,2.9858490566037736,Neutral
640,10,9,4,10,2,4,3,1,75.88888888888889,3.2216981132075473,Neutral
997,9,8,8,6,8,3,3,10,116.88888888888889,4.962264150943396,Positive
242,7,9,5,4,5,9,1,4,31.77777777777778,1.349056603773585,Negative
344,7,6,8,9,8,3,8,5,44.22222222222222,1.8773584905660379,Negative
699,9,5,4,8,4,2,2,8,82.33333333333333,3.4952830188679247,Neutral
77,9,4,5,9,2,1,5,10,13.555555555555555,0.5754716981132075,Negative
821,8,9,5,5,8,9,4,9,97.55555555555556,4.1415094339622645,Positive
903,9,8,8,8,4,8,4,1,105.88888888888889,4.495283018867925,Positive
540,9,10,7,3,2,4,4,5,64.88888888888889,2.7547169811320753,Neutral
596,5,8,7,7,1,2,10,3,71.0,3.014150943396227,Neutral
169,8,2,6,3,3,6,9,3,23.22222222222222,0.9858490566037736,Negative
526,9,5,5,5,2,6,4,9,63.44444444444444,2.6933962264150946,Neutral
361,7,2,6,4,5,7,8,3,44.77777777777778,1.9009433962264153,Negative
917,8,6,5,3,7,5,4,8,107.0,4.5424528301886795,Positive
342,5,9,8,1,9,8,7,10,44.333333333333336,1.8820754716981134,Negative
599,5,2,4,8,4,8,9,5,71.55555555555556,3.037735849056604,Neutral
875,5,4,7,3,5,6,4,5,101.55555555555556,4.311320754716982,Positive
745,5,9,5,10,8,2,9,1,88.22222222222223,3.7452830188679247,Neutral
131,9,4,8,2,7,5,2,10,19.77777777777778,0.8396226415094341,Negative
143,6,6,7,8,10,3,3,9,21.666666666666668,0.919811320754717,Negative
666,10,5,6,8,1,2,7,7,79.11111111111111,3.3584905660377364,Neutral
104,8,5,4,2,7,9,4,4,16.333333333333332,0.6933962264150944,Negative
964,8,5,5,3,10,5,5,3,112.0,4.754716981132075,Positive
208,8,7,5,7,2,3,2,8,27.77777777777778,1.179245283018868,Negative
774,7,10,5,4,6,10,9,6,92.33333333333333,3.919811320754717,Neutral
346,10,7,4,9,3,2,10,8,44.333333333333336,1.8820754716981134,Negative
97,7,8,7,9,6,3,10,7,17.11111111111111,0.7264150943396226,Negative
306,9,10,4,1,3,3,2,5,38.111111111111114,1.617924528301887,Negative
18,9,6,6,1,5,8,4,10,7.444444444444445,0.3160377358490566,Negative
284,5,7,6,3,10,3,8,6,36.888888888888886,1.5660377358490565,Negative
173,5,7,5,10,10,10,3,10,25.88888888888889,1.099056603773585,Negative
558,7,9,5,5,9,7,3,5,67.55555555555556,2.867924528301887,Neutral
51,7,2,6,2,8,2,10,2,10.0,0.42452830188679247,Negative
357,5,8,7,5,4,1,8,8,44.77777777777778,1.9009433962264153,Negative
692,8,8,6,9,5,8,7,10,83.66666666666667,3.551886792452831,Neutral
26,8,2,6,10,9,9,4,5,8.777777777777779,0.37264150943396235,Negative
386,9,5,5,4,6,5,7,7,48.22222222222222,2.047169811320755,Negative
287,5,9,5,5,10,8,4,10,38.111111111111114,1.617924528301887,Negative
974,8,10,4,2,4,9,8,7,114.0,4.839622641509434,Positive
683,6,9,4,8,5,5,1,10,81.22222222222223,3.4481132075471703,Neutral
374,6,9,4,6,2,6,7,8,46.888888888888886,1.990566037735849,Negative
278,10,8,7,8,6,7,8,1,37.0,1.5707547169811322,Negative
367,10,4,8,3,3,9,5,7,46.22222222222222,1.9622641509433962,Negative
800,7,4,5,2,1,6,3,9,93.0,3.94811320754717,Neutral
11,9,5,6,8,5,6,7,7,7.111111111111111,0.3018867924528302,Negative
310,5,8,5,9,4,4,9,10,40.44444444444444,1.7169811320754715,Negative
910,5,8,7,10,8,2,4,8,106.88888888888889,4.537735849056604,Positive
440,5,7,8,9,7,1,8,10,55.0,2.3349056603773586,Negative
441,7,8,5,3,1,8,6,8,54.111111111111114,2.297169811320755,Negative
146,8,7,5,6,9,2,9,10,22.444444444444443,0.9528301886792452,Negative
614,8,2,6,7,8,6,6,5,73.55555555555556,3.122641509433963,Neutral
262,10,5,4,9,6,9,9,3,35.22222222222222,1.4952830188679245,Negative
34,9,7,8,9,8,2,8,9,10.444444444444445,0.44339622641509435,Negative
407,9,8,8,6,2,9,6,4,51.0,2.1650943396226414,Negative
564,5,10,5,6,8,5,3,1,67.44444444444444,2.8632075471698117,Neutral
538,8,7,4,6,10,5,2,9,65.44444444444444,2.778301886792453,Neutral
748,5,8,6,1,10,2,4,9,88.11111111111111,3.7405660377358494,Neutral
675,8,7,8,9,8,6,2,8,81.22222222222223,3.4481132075471703,Neutral
224,10,7,7,6,2,1,7,9,30.333333333333332,1.2877358490566038,Negative
10,8,3,7,4,3,6,4,1,5.111111111111111,0.21698113207547168,Negative
708,5,3,5,4,5,9,6,4,83.22222222222223,3.533018867924529,Neutral
636,7,3,6,9,5,4,6,3,75.44444444444444,3.202830188679245,Neutral
218,7,8,4,4,1,4,6,4,28.444444444444443,1.2075471698113207,Negative
193,5,9,4,6,5,7,1,9,26.555555555555557,1.1273584905660379,Negative
106,6,6,5,8,3,1,9,7,16.77777777777778,0.7122641509433963,Negative
834,8,2,7,4,1,8,9,2,97.22222222222223,4.1273584905660385,Positive
597,5,4,8,4,8,7,3,4,71.11111111111111,3.018867924528302,Neutral
45,8,5,6,1,5,9,2,9,10.0,0.42452830188679247,Negative
264,5,2,4,4,7,6,4,1,33.0,1.400943396226415,Negative
219,10,4,5,7,9,10,8,3,30.555555555555557,1.297169811320755,Negative
249,10,2,5,6,8,1,8,9,33.111111111111114,1.4056603773584908,Negative
507,9,2,6,2,7,9,7,9,62.0,2.632075471698113,Neutral
383,10,10,8,10,4,9,3,10,49.666666666666664,2.108490566037736,Negative
631,10,8,5,3,9,9,8,3,76.22222222222223,3.235849056603774,Neutral
502,6,3,5,1,8,4,7,8,60.44444444444444,2.5660377358490565,Neutral
792,10,2,6,7,7,5,6,9,93.77777777777777,3.981132075471698,Neutral
271,8,10,6,5,7,10,10,2,36.55555555555556,1.5518867924528303,Negative
194,6,3,5,4,1,10,8,3,26.0,1.1037735849056605,Negative
937,8,8,4,10,1,5,9,3,109.44444444444444,4.64622641509434,Positive
726,6,4,4,7,7,3,6,4,85.22222222222223,3.6179245283018875,Neutral
339,6,10,5,9,4,3,6,5,43.0,1.8254716981132078,Negative
841,8,9,8,3,4,4,7,1,98.33333333333333,4.1745283018867925,Positive
874,9,7,6,9,6,1,6,3,102.33333333333333,4.34433962264151,Positive
214,6,6,4,3,1,3,4,6,27.444444444444443,1.1650943396226414,Negative
924,9,10,5,5,6,4,1,8,108.0,4.584905660377359,Positive
203,8,7,8,9,4,10,8,10,29.666666666666668,1.259433962264151,Negative
629,8,3,7,4,4,8,1,10,74.88888888888889,3.1792452830188678,Neutral
354,6,3,7,10,1,1,10,6,44.22222222222222,1.8773584905660379,Negative
857,9,8,6,5,7,8,1,9,101.11111111111111,4.2924528301886795,Positive
424,5,3,7,3,8,6,5,7,52.0,2.207547169811321,Negative
872,6,10,8,8,2,2,1,4,101.44444444444444,4.306603773584906,Positive
116,8,5,6,3,5,3,1,9,17.333333333333332,0.7358490566037735,Negative
308,9,10,7,10,3,2,10,9,40.888888888888886,1.7358490566037734,Negative
698,5,9,6,3,6,9,9,9,83.77777777777777,3.5566037735849054,Neutral
622,9,10,7,7,6,2,8,4,75.0,3.1839622641509435,Neutral
103,9,6,4,6,1,3,10,6,16.444444444444443,0.6981132075471698,Negative
464,5,4,8,6,4,10,1,6,56.44444444444444,2.3962264150943398,Negative
870,10,4,6,3,8,2,3,7,101.44444444444444,4.306603773584906,Positive
351,8,5,8,10,1,9,7,7,45.111111111111114,1.9150943396226416,Negative
628,10,10,4,7,1,7,3,9,75.44444444444444,3.202830188679245,Neutral
33,8,5,6,1,8,7,7,2,8.555555555555555,0.3632075471698113,Negative
972,7,9,4,1,1,2,1,10,111.88888888888889,4.75,Positive
535,5,10,5,9,9,8,1,9,65.66666666666667,2.787735849056604,Neutral
959,8,4,5,5,10,7,3,2,111.44444444444444,4.731132075471699,Positive
794,10,4,4,8,6,8,6,9,94.33333333333333,4.004716981132075,Positive
313,5,7,7,3,7,10,1,1,39.333333333333336,1.6698113207547172,Negative
127,5,8,4,9,7,7,7,6,20.0,0.8490566037735849,Negative
245,10,6,4,9,9,2,7,7,33.22222222222222,1.4103773584905661,Negative
773,9,5,8,9,1,10,4,8,91.88888888888889,3.900943396226415,Neutral
69,8,6,6,1,9,1,9,7,12.88888888888889,0.5471698113207547,Negative
141,8,6,6,5,4,9,5,2,20.666666666666668,0.8773584905660379,Negative
139,8,3,4,10,6,1,1,5,19.666666666666668,0.8349056603773586,Negative
398,6,9,6,10,7,4,5,9,50.44444444444444,2.1415094339622645,Negative
889,7,6,8,6,6,6,7,10,105.0,4.457547169811321,Positive
995,6,7,8,3,7,7,8,7,116.44444444444444,4.943396226415095,Positive
757,9,5,7,9,7,8,9,1,90.22222222222223,3.8301886792452833,Neutral
783,5,2,8,2,8,5,7,3,91.44444444444444,3.882075471698113,Neutral
420,5,8,8,6,2,4,10,3,51.77777777777778,2.19811320754717,Negative
790,7,5,6,2,3,1,6,6,91.77777777777777,3.8962264150943393,Neutral
592,7,2,7,10,8,9,5,1,71.22222222222223,3.0235849056603774,Neutral
978,6,5,8,9,6,6,2,9,114.33333333333333,4.85377358490566,Positive
735,6,4,6,1,7,6,1,5,85.66666666666667,3.636792452830189,Neutral
731,5,10,6,9,5,10,5,2,87.0,3.6933962264150946,Neutral
932,6,6,4,5,5,3,6,1,107.55555555555556,4.566037735849057,Positive
497,6,4,8,4,6,10,1,6,60.22222222222222,2.5566037735849054,Neutral
813,8,10,5,8,4,7,5,2,95.77777777777777,4.066037735849057,Positive
2,10,2,7,3,10,4,4,7,5.444444444444445,0.23113207547169812,Negative
649,9,2,6,10,4,9,4,2,77.22222222222223,3.2783018867924536,Neutral
455,8,5,4,2,7,4,1,2,54.22222222222222,2.30188679245283,Negative
593,5,3,5,3,9,10,9,9,71.77777777777777,3.047169811320755,Neutral
206,10,8,5,4,8,9,10,6,29.555555555555557,1.2547169811320755,Negative
847,7,10,5,7,1,9,10,4,100.0,4.245283018867925,Positive
233,8,7,7,7,9,2,8,2,31.444444444444443,1.3349056603773586,Negative
87,5,10,8,4,8,10,1,9,15.777777777777779,0.6698113207547172,Negative
333,6,3,7,6,9,9,9,1,42.55555555555556,1.8066037735849059,Negative
738,8,2,5,7,2,7,6,5,86.66666666666667,3.679245283018868,Neutral
350,5,6,6,1,8,7,10,10,44.77777777777778,1.9009433962264153,Negative
805,8,8,7,10,6,2,2,6,94.88888888888889,4.028301886792453,Positive
700,9,8,6,1,9,6,9,1,83.22222222222223,3.533018867924529,Neutral
92,7,6,7,3,2,1,7,6,14.555555555555555,0.6179245283018868,Negative
68,5,5,8,8,7,6,10,4,13.444444444444445,0.5707547169811321,Negative
746,10,5,6,7,1,1,6,1,87.0,3.6933962264150946,Neutral
741,7,9,7,3,10,8,10,5,88.88888888888889,3.7735849056603774,Neutral
581,9,10,8,2,5,6,7,10,70.88888888888889,3.0094339622641506,Neutral
677,9,6,6,9,1,10,7,1,80.66666666666667,3.424528301886793,Neutral
442,7,8,5,10,8,3,6,4,54.77777777777778,2.3254716981132075,Negative
749,9,9,5,2,9,1,10,1,88.33333333333333,3.75,Neutral
25,5,6,4,10,4,1,8,3,7.333333333333333,0.3113207547169811,Negative
936,6,7,6,4,1,8,4,10,109.11111111111111,4.632075471698114,Positive
90,9,10,6,7,8,1,2,7,15.555555555555555,0.660377358490566,Negative
715,6,9,6,5,9,1,6,6,84.77777777777777,3.599056603773585,Neutral
240,9,9,7,10,5,7,1,6,32.666666666666664,1.3867924528301887,Negative
13,6,6,6,3,10,7,2,1,6.0,0.25471698113207547,Negative
126,7,4,6,4,1,5,2,1,17.333333333333332,0.7358490566037735,Negative
761,5,9,6,10,10,1,10,6,90.88888888888889,3.858490566037736,Neutral
302,8,4,6,7,1,4,1,8,37.888888888888886,1.6084905660377358,Negative
650,8,4,7,9,10,2,8,3,77.88888888888889,3.306603773584906,Neutral
365,10,5,5,3,5,2,3,5,44.77777777777778,1.9009433962264153,Negative
905,5,9,6,8,10,2,1,1,105.22222222222223,4.466981132075472,Positive
415,9,3,5,1,8,9,9,2,51.22222222222222,2.1745283018867925,Negative
397,10,7,8,6,6,6,2,6,49.77777777777778,2.1132075471698113,Negative
435,9,9,7,4,1,1,7,5,53.111111111111114,2.2547169811320757,Negative
945,9,3,8,2,4,9,1,1,109.11111111111111,4.632075471698114,Positive
930,8,7,5,1,3,7,2,1,107.11111111111111,4.547169811320755,Positive
687,5,9,7,9,3,1,9,5,81.66666666666667,3.4669811320754724,Neutral
852,5,10,5,4,3,10,8,6,100.33333333333333,4.259433962264151,Positive
712,6,5,5,7,8,2,9,7,84.55555555555556,3.589622641509434,Neutral
470,6,10,6,6,7,1,1,2,56.55555555555556,2.4009433962264155,Negative
43,6,5,4,1,10,7,4,1,9.0,0.3820754716981133,Negative
550,5,3,7,8,2,7,7,8,66.33333333333333,2.816037735849057,Neutral
844,8,6,4,1,1,8,10,9,99.0,4.202830188679246,Positive
150,6,5,8,5,2,10,1,6,21.444444444444443,0.910377358490566,Negative
168,6,3,8,2,8,10,7,3,23.88888888888889,1.0141509433962264,Negative
519,8,7,7,6,10,10,4,3,63.77777777777778,2.7075471698113205,Neutral
531,9,8,7,6,3,8,3,7,64.66666666666667,2.745283018867925,Neutral
643,9,7,7,7,2,4,3,7,76.55555555555556,3.25,Neutral
428,6,9,4,4,8,6,2,5,52.44444444444444,2.2264150943396226,Negative
659,9,4,8,10,6,6,3,8,79.22222222222223,3.3632075471698117,Neutral
766,10,2,4,3,4,6,9,4,89.77777777777777,3.8113207547169807,Neutral
732,9,2,6,9,4,2,10,10,87.11111111111111,3.69811320754717,Neutral
916,10,4,7,3,10,10,7,8,108.33333333333333,4.599056603773585,Positive
979,9,4,7,10,5,2,4,2,113.55555555555556,4.820754716981133,Positive
372,5,7,7,9,3,5,10,4,46.888888888888886,1.990566037735849,Negative
778,9,4,8,9,8,5,7,4,92.44444444444444,3.9245283018867925,Neutral
579,10,3,7,8,9,1,8,8,70.33333333333333,2.9858490566037736,Neutral
320,9,6,7,4,3,9,10,2,41.111111111111114,1.7452830188679247,Negative
645,5,9,6,6,8,5,10,8,78.0,3.3113207547169816,Neutral
5,6,7,4,2,3,8,10,7,5.777777777777778,0.24528301886792453,Negative
294,7,5,4,1,6,2,9,6,37.111111111111114,1.5754716981132078,Negative
117,8,2,5,10,5,4,3,2,17.333333333333332,0.7358490566037735,Negative
555,9,2,8,7,2,1,3,10,66.33333333333333,2.816037735849057,Neutral
29,6,9,5,1,6,10,4,5,8.333333333333334,0.35377358490566047,Negative
259,8,3,8,9,7,4,10,7,35.0,1.4858490566037736,Negative
47,8,4,4,9,10,10,2,6,11.11111111111111,0.4716981132075472,Negative
678,8,10,5,2,7,4,1,7,80.22222222222223,3.405660377358491,Neutral
543,8,2,4,9,3,3,3,4,64.33333333333333,2.731132075471698,Neutral
908,5,2,5,3,2,10,4,8,105.22222222222223,4.466981132075472,Positive
586,8,2,4,9,8,8,7,7,71.0,3.014150943396227,Neutral
98,9,9,7,2,3,3,8,4,15.88888888888889,0.6745283018867925,Negative
55,8,7,6,2,5,7,7,9,11.777777777777779,0.5,Negative
913,5,5,6,5,6,7,6,1,106.0,4.5,Positive
199,9,5,8,3,8,1,1,2,26.22222222222222,1.1132075471698113,Negative
539,10,2,7,4,3,4,10,1,64.44444444444444,2.7358490566037736,Neutral
759,7,2,4,2,1,5,9,9,88.66666666666667,3.764150943396227,Neutral
